character,pose,prior_status,priority,reason_summary,review_note
atlas,3,FAIL,identity-critical,"Prominent cybernetic left forearm and hand are not supported by the canonical reference, causing major anatomy/accessory drift. | Canonical jacket sleeve design is altered around the cybernetic arm. | Pose, face, hair, colors, and C badge otherwise read consistently as Atlas in a three-quarter view facing right.",review existing PNG before retry
atlas,4,FAIL,pose-or-detail,"QA response was malformed/truncated; conservative fail. Raw: {""pass"":false,""confidence"":0.94,""reasons"":[""Pose is a three-quarter left-facing view rather than a clear strict left profile."",""Canonical glove asymmetry is reversed: the reference shows the right hand gloved, while",review existing PNG before retry
atlas,6,FAIL,identity-critical,"Unapproved asymmetric mechanical gauntlet/accessory on the right hand causes canonical design drift. | Canonical reference shows a standard white glove rather than the black cybernetic glove. | Requested back view with slight over-shoulder look is clear, and core face, hair, colors, jacket, emblem, and footwear otherwise align.",review existing PNG before retry
atlas,8,FAIL,identity-critical,"Cybernetic arm is on Atlas's left side, while the canonical reference places it on his right side. | Cybernetic limb design is substantially enlarged and drifts from the canonical glove/forearm accessory. | Walking-forward pose, face, hair, palette, jacket, C badge, and footwear otherwise read clearly and consistently.",review existing PNG before retry
atlas,9,FAIL,identity-critical,"Unapproved illuminated technological forearm gauntlet causes clear accessory/wardrobe drift from the canonical master. | Jacket sleeve construction is substantially more armored and gadget-heavy than the approved design. | Pose is clearly running forward, and core facial identity, colors, C badge placement, and confident expression otherwise match.",review existing PNG before retry
atlas,11,FAIL,identity-critical,"The C faction badge is mirrored onto Atlas's right chest; the canonical reference places it on his left chest. | Requested pointing-right pose is clear, and overall identity, hair, facial features, and wardrobe otherwise closely match the reference.",review existing PNG before retry
atlas,15,FAIL,identity-critical,"Asymmetric hand detail is reversed: the approved reference has the glove on Atlas's right hand, while the candidate places it on his left hand. | The candidate adds a prominent technological forearm gauntlet not established in the approved master. | The collectible-inspection pose is clear and identity, hair, colors, jacket, and C badge otherwise closely match.",review existing PNG before retry
atlas,17,FAIL,identity-critical,"Major canonical design drift: the cybernetic right arm, glowing devices, armored left forearm, and wrist technology are absent from the approved reference. | Wardrobe is substantially more armored and technical than the canonical white/blue/gold leader jacket. | Although the concerned expression and hand-near-chest pose are clear, the unrequested accessories and altered asymmetric details require failure.",review existing PNG before retry
atlas,18,FAIL,identity-critical,"Major accessory drift: candidate has an oversized cybernetic right forearm/hand not present in the canonical reference. | Expression reads as a mild smirk rather than clearly determined. | Facial rendering and geometry appear older and more angular than the approved young-adult identity. | Fists-set stance is readable, and core hair, colors, jacket, and C badge broadly match.",review existing PNG before retry
atlas,19,FAIL,identity-critical,"Canonical armwear drifts: the candidate has a large futuristic right forearm bracer and a shortened left sleeve exposing the forearm, while the master shows full jacket sleeves with only a wrist glove. | Core face, hair, colors, chest badge placement, and relaxed standing pose otherwise match closely.",review existing PNG before retry
atlas,20,FAIL,identity-critical,"Unapproved asymmetric cybernetic forearm/gauntlet and mismatched black mechanical glove introduce accessory drift from the canonical reference. | The seated relaxed pose, face, hair, jacket colors, and C badge otherwise match Atlas clearly.",review existing PNG before retry
atlas,21,FAIL,identity-critical,"Asymmetric hand/arm design is reversed: the canonical white armored glove is on Atlas's right side, while the candidate places the major robotic gauntlet on his left. | The oversized cybernetic forearm and thigh pouch introduce unsupported accessory/wardrobe drift. | The upward gaze and focused expression are clearly readable, and the core face, hair, colors, jacket, and C badge otherwise match.",review existing PNG before retry
atlas,22,FAIL,identity-critical,"Cybernetic/gloved arm is on the wrong side relative to the canonical reference. | Canonical wardrobe drifts: the approved jacket has predominantly blue sleeves and a quilted white torso, while the candidate uses mostly white sleeves and altered paneling. | Requested downward-looking-at-object pose is clear, and facial identity, hair, colors, and C badge placement are otherwise close.",review existing PNG before retry
atlas,24,FAIL,identity-critical,"Prominent cybernetic forearm and hand are not established in the canonical reference and constitute major anatomy/accessory drift. | Sleeve and jacket construction around that arm differs from the approved blue-sleeved design. | Confident smile, facial identity, hair, colors, and C badge otherwise read consistently.",review existing PNG before retry
atlas,25,FAIL,identity-critical,"Unapproved large cybernetic forearm gauntlet and thigh-mounted equipment create significant accessory/wardrobe drift from the canonical reference. | Canonical identity, hair, skin tone, C-badge jacket, and serious focused expression otherwise read clearly. | No text, watermark, scenery, or malformed anatomy is present.",review existing PNG before retry
atlas,26,FAIL,identity-critical,"Signature white tech glove/gauntlet is on Atlas's left hand, while the canonical reference places it on his right; asymmetric detail is reversed. | Pose and core identity otherwise read correctly as Atlas leaning forward to inspect something.",review existing PNG before retry
atlas,27,FAIL,identity-critical,"Canonical gauntlet asymmetry is reversed: the approved reference places it on Atlas's right arm, while the candidate places it on his left arm.",review existing PNG before retry
atlas,28,FAIL,identity-critical,"The requested object being reached toward is absent, making the pose incomplete. | The glove/prosthetic accessory is on the opposite hand from the canonical reference; the reaching right hand should retain the signature glove. | The open grasp reads as a generic reach rather than clearly reaching carefully toward a specific object.",review existing PNG before retry
atlas,29,FAIL,identity-critical,"Requested back-to-back ready stance is not readable; Atlas is front-facing in a relaxed arms-crossed pose. | Large camera-like forearm device is an unapproved accessory/prop not present in the canonical reference. | Identity, hair, complexion, C badge, and core white/blue/gold wardrobe otherwise largely match the reference.",review existing PNG before retry
atlas,30,FAIL,identity-critical,"The C faction badge is mirrored onto Atlas's right chest instead of the canonical left chest. | The activated/raised hand is on the opposite side from the approved reference, causing left-right design drift.",review existing PNG before retry
atlas,31,FAIL,identity-critical,"Signature armored glove/gauntlet is on Atlas's left hand, while the canonical reference places it on his right; asymmetric identifier is reversed. | The gauntlet is redesigned as an overtly robotic prosthetic with a glowing palm, causing accessory drift from the canonical white glove. | Laughing expression is clear and natural, and the core face, hair, colors, jacket, and C badge otherwise match.",review existing PNG before retry
atlas,32,FAIL,identity-critical,"Canonical glove asymmetry is reversed: the reference shows Atlas's right hand gloved, while the candidate has the right hand bare and the left hand gloved. | Requested whispering/cupped-hand pose is clear, and core facial, hair, color, jacket, and C-badge identity otherwise match closely.",review existing PNG before retry
atlas,34,FAIL,identity-critical,The canonical C chest badge is mirrored onto Atlas's right chest; the approved reference places it on his left chest. | This incorrect left/right placement is a signature wardrobe detail and requires failure despite the clearly readable worried/protective pose and otherwise strong identity match.,review existing PNG before retry
atlas,35,FAIL,identity-critical,"C chest badge is on the opposite side from the canonical reference, violating locked asymmetric placement. | Armored glowing palm gauntlets substantially drift from the canonical glove design.",review existing PNG before retry
atlas,36,FAIL,identity-critical,"Asymmetric glove is on Atlas's left hand, while the canonical reference places it on his right hand. | Gloved hand anatomy appears malformed/ambiguous with irregular overlapping digits. | The one-foot balancing pose and core facial/wardrobe identity otherwise read clearly.",review existing PNG before retry
atlas,38,FAIL,identity-critical,"Requested silhouette treatment is absent; the character is fully lit and detailed. | Low-angle camera view is correct, and identity, hair, wardrobe colors, C badge, and footwear generally match the canonical reference.",review existing PNG before retry
atlas,40,FAIL,identity-critical,"Unapproved bronze cybernetic left arm replaces the canonical normal/gloved arm, causing major accessory and identity drift. | Chest C badge shape and design do not match the canonical hexagonal emblem. | Wardrobe construction and detailing significantly deviate from the approved leader jacket despite matching the general colors. | Landing pose is readable, but the canonical design inconsistencies require failure.",review existing PNG before retry
pixel,2,FAIL,identity-critical,"Requested 3/4 facing-left angle is incorrect; character faces toward image-right. | Identity, wardrobe, Keeper C badge, goggles-down scan action, and LEFT-arm scanner gauntlet otherwise match the reference.",review existing PNG before retry
pixel,3,FAIL,identity-critical,"Keeper C badge is missing despite the partially visible chest area | Body proportions drift from the petite lean canonical build, with exaggerated bust and hips | Wardrobe detailing omits canonical orange trim and differs substantially from the approved suit design | Pose and left-arm scanner placement are correct, but signature identity and design identifiers are not",review existing PNG before retry
pixel,8,FAIL,pose-or-detail,"Pose reads as running toward the camera rather than clearly running right. | Expression is a slight smile/neutral confidence, not clearly determined. | Body proportions appear more curvy and mature than the canonical petite lean build.",review existing PNG before retry
pixel,13,FAIL,identity-critical,Scanner gauntlet is on the character's right arm instead of the required LEFT arm. | Body is presented in a three-quarter view rather than a clear right-profile standing pose.,review existing PNG before retry
pixel,26,FAIL,identity-critical,"Peace sign is made with the left hand rather than the requested right hand. | Scanner-like cyan gauntlets appear on both forearms, weakening the required left-arm asymmetry.",review existing PNG before retry
pixel,27,FAIL,identity-critical,"Canonical Keeper C chest badge is missing. | Body proportions drift from the approved petite, lean build, with exaggerated hips. | Core hair, goggles, cyan eyes, techwear, left-arm scanner gauntlet, and dynamic twirl pose otherwise read correctly.",review existing PNG before retry
pixel,29,FAIL,pose-or-detail,"A visible male partner is present, violating the requested back-to-back stance with an invisible partner and the ban on unrequested characters. | The hand-holding interaction weakens the intended independent ready stance.",review existing PNG before retry
pixel,36,FAIL,identity-critical,"The signature scanner gauntlet is prominently placed on the character's RIGHT arm (viewer-left), not the required LEFT arm. | Both forearms have similar heavy tech modules, weakening the canonical asymmetric arm design. | Pose, identity, colors, goggles, C badge, and lack of animal anatomy otherwise match the reference.",review existing PNG before retry
sterling,21,FAIL,identity-critical,"Requested armchair-style seated pose is not readable; the character is standing upright with crossed arms and ankles rather than sitting with one leg crossed. | Identity, wardrobe, emblem, monocle, and overall design otherwise closely match the canonical reference.",review existing PNG before retry
sterling,22,FAIL,identity-critical,"Requested tiptoe stretch is not correctly depicted: both shoes are visibly suspended above the ground, making Sterling appear to levitate rather than balance on his toes. | Canonical identity, wardrobe, monocle placement, colors, and accessories otherwise closely match the approved reference.",review existing PNG before retry
sterling,24,FAIL,identity-critical,Gold monocle is over the character's left eye rather than the required RIGHT eye; this is a locked asymmetric identifier.,review existing PNG before retry
sterling,30,FAIL,pose-or-detail,"No valuable object is present, so the requested action of appraising something valuable is not clearly readable. | Canonical gold wristwatch from the approved reference is missing.",review existing PNG before retry
sterling,37,FAIL,identity-critical,"Canonical waistcoat design has drifted from single-breasted to double-breasted with altered lapels, buttons, and chain placement. | Faction emblem lettering/design does not match the approved master. | Requested side-lying, elbow-propped catalogue pose is otherwise clearly readable and identity is largely consistent.",review existing PNG before retry
echo,3,FAIL,identity-critical,"Canonical master depicts an anthropomorphic owl, while the candidate is a human woman; identity, anatomy, facial geometry, and body proportions do not match. | Canonical wardrobe and signature accessory layout differ substantially despite the shared violet-crystal motif. | The requested back view, visible cape edges, and rear crystals are present, but pose compliance cannot override the major canonical identity drift.",review existing PNG before retry
echo,4,FAIL,identity-critical,"Canonical master depicts an owl character, while the candidate is a human woman, causing a fundamental identity, facial-geometry, anatomy, and proportion mismatch. | Canonical owl-specific head, plumage, wing-like cloak silhouette, and taloned body design are absent from the candidate. | Although the seated wrapped-shawl pose, violet crystals, and C badge are present, they do not overcome the severe canonical identity drift.",review existing PNG before retry
echo,5,FAIL,identity-critical,"Canonical master depicts an owl character, while the candidate is a human woman, causing a fundamental identity, facial-geometry, anatomy, and proportion mismatch. | Wardrobe and accessories substantially drift from the approved master, including the prominent blue technological gauntlet and oversized C badge. | The required canonical identity cannot be reconciled with the candidate despite the arms-wide crystal-broadcasting pose being readable.",review existing PNG before retry
echo,6,FAIL,identity-critical,"Candidate identity and anatomy do not match the approved master reference, which depicts an owl-form character rather than this human design. | Canonical facial geometry, body proportions, wardrobe, footwear, and accessories are substantially different. | Candidate introduces large asymmetric mechanical gauntlets not present in the reference. | Requested hovering, arms-spread mystical pose is readable, but identity/design drift requires failure.",review existing PNG before retry
echo,7,FAIL,identity-critical,"Canonical master depicts an anthropomorphic owl, while the candidate is a human woman; identity, facial geometry, anatomy, and proportions do not match. | Canonical wardrobe, accessories, and emblem design differ substantially despite a similar violet-and-gold motif. | Candidate satisfies the folded-arms dignified pose and human anatomy lock, but cannot match the supplied approved master reference.",review existing PNG before retry
echo,8,FAIL,identity-critical,"Canonical identity mismatch: approved master is an anthropomorphic owl, while the candidate is a human woman with entirely different facial geometry, anatomy, proportions, and design. | Wardrobe, footwear, badge, and accessory configuration do not match the approved master reference. | Although the candidate clearly walks right with violet crystals trailing, pose compliance cannot overcome the fundamental identity drift.",review existing PNG before retry
echo,9,FAIL,identity-critical,"Candidate is a human woman, while the approved master depicts an anthropomorphic owl; canonical facial geometry, body proportions, and species identity do not match. | Canonical wardrobe, accessories, and signature design placement substantially differ despite the crystal motif. | The pointing-at-crystal pose is clear, but identity mismatch is disqualifying.",review existing PNG before retry
echo,10,FAIL,identity-critical,"Canonical master depicts an owl character, while the candidate is a human woman; identity, facial geometry, species, and body proportions do not match. | Canonical wardrobe and accessory layout differ substantially despite shared violet-crystal motifs. | Requested upward gaze and glowing-eye signal-reception pose are readable, but canonical identity mismatch is decisive.",review existing PNG before retry
echo,11,FAIL,identity-critical,"Candidate is a human woman, while the approved master depicts an owl-bodied character; facial geometry, anatomy, proportions, and canonical identity do not match. | Wardrobe and accessory design substantially drift from the master reference despite retaining violet crystals. | The wave is friendly but lacks a clearly ethereal visual quality.",review existing PNG before retry
echo,12,FAIL,identity-critical,"Canonical identity mismatch: approved master is an anthropomorphic owl, while the candidate is a human woman. | Facial geometry, species, body proportions, hairstyle, and anatomy do not match the approved reference. | Wardrobe and accessory design substantially drift from the canonical master despite retaining violet crystals and a dark-violet palette.",review existing PNG before retry
echo,14,FAIL,identity-critical,"Canonical identity mismatch: the approved master depicts an anthropomorphic owl, while the candidate is a human woman. | Facial geometry, body proportions, hairstyle, wardrobe, footwear, and Keeper insignia do not match the master reference. | Requested hands-on-hips pose and sassy expression are readable, but identity/design drift requires failure.",review existing PNG before retry
echo,15,FAIL,identity-critical,"Large futuristic mechanical forearm device is an unrequested, noncanonical accessory and creates significant wardrobe/design drift from the approved reference. | Canonical identity cannot be fully reconciled with the owl-form master despite the candidate otherwise matching the locked humanized traits. | Requested two-handed glowing violet crystal examination pose is clear, and no animal anatomy or watermark is present.",review existing PNG before retry
echo,17,FAIL,identity-critical,"Canonical identity mismatch: approved master depicts an anthropomorphic owl, while the candidate is human. | Facial geometry, anatomy, proportions, hairstyle, and footwear do not match the master reference. | Wardrobe and accessories drift substantially, including a large technological forearm device and prominent C badge not supported by the reference. | Although the startled expression and scattering violet crystals are clear, pose compliance cannot override the identity mismatch.",review existing PNG before retry
echo,18,FAIL,identity-critical,"Canonical master depicts an owl character, while the candidate is a human woman, causing a fundamental identity, facial-geometry, anatomy, and proportion mismatch. | Requested fingertip-to-chin pose is not exact; an unrequested stylus/pen is placed against the chin instead. | Canonical wardrobe, accessories, emblem placement, and signature design do not match the approved master.",review existing PNG before retry
echo,19,FAIL,identity-critical,"Canonical reference depicts an owl character, while the candidate is a human woman, causing a fundamental identity, facial-geometry, anatomy, and proportion mismatch. | Candidate wardrobe, badge, hairstyle, footwear, and accessories do not match the approved master design. | Although the celebratory arms-up pose and spinning violet crystals are clear, pose compliance cannot overcome the canonical identity drift.",review existing PNG before retry
echo,21,FAIL,identity-critical,"Canonical identity mismatch: the approved master is an owl character, while the candidate is a human woman with entirely different facial geometry, anatomy, and proportions. | Canonical wardrobe/accessory design is substantially reinterpreted rather than matched, despite retaining the violet-crystal palette and C badge. | The requested relaxed, legs-tucked-under sitting pose is clearly shown, but pose compliance does not overcome the identity drift.",review existing PNG before retry
echo,22,FAIL,identity-critical,"Canonical identity mismatch: approved master is an anthropomorphic owl, while candidate is a human woman. | Facial geometry, body proportions, hairstyle, skin, limbs, and footwear do not match the master reference. | Wardrobe and accessories substantially drift from the master, including unapproved asymmetric mechanical forearms. | Requested full-span cape pose is clear, but identity consistency is not satisfied.",review existing PNG before retry
echo,23,FAIL,identity-critical,"Major canonical design drift: the right arm is an unrequested cybernetic prosthetic absent from the character lock/reference. | The shawl has expanded into a large asymmetric cape rather than the specified small shawl/cape. | The crystal is visibly levitated, but an actual projected memory is not clearly readable.",review existing PNG before retry
echo,24,FAIL,identity-critical,"Canonical master depicts an owl character, while the candidate is a human woman, causing a fundamental identity, facial-geometry, anatomy, and proportion mismatch. | Wardrobe, badge, cape construction, and accessory layout do not match the approved master design despite sharing a violet crystal motif.",review existing PNG before retry
echo,26,FAIL,identity-critical,"Candidate is a human woman, while the approved master depicts an owl character; canonical identity, facial geometry, and body proportions do not match. | Wardrobe silhouette and anatomy differ substantially from the master despite retaining violet crystal motifs. | The requested crystal-presenting pose is clear, but identity drift requires failure.",review existing PNG before retry
echo,27,FAIL,identity-critical,"Canonical reference depicts an owl character, while the candidate is a human woman, causing a fundamental identity, facial-geometry, anatomy, and proportion mismatch. | The candidate’s wardrobe and large blue Keeper C badge materially differ from the reference design. | The crystal ring is visible, but the character’s body pose does not clearly communicate spinning.",review existing PNG before retry
echo,28,FAIL,identity-critical,"Canonical master depicts an owl character, while the candidate is human, causing fundamental identity, facial geometry, anatomy, and proportion drift. | Canonical wardrobe and accessories do not match closely enough despite shared gray-violet, gold, and crystal motifs. | Requested forward-leaning, curious pose is clear, but identity mismatch requires failure.",review existing PNG before retry
echo,29,FAIL,identity-critical,"Candidate does not match the approved master reference’s facial geometry, body proportions, species silhouette, or canonical design. | Wardrobe, accessories, and asymmetric arm equipment substantially drift from the reference despite the meditation pose, closed eyes, and violet crystals being present.",review existing PNG before retry
echo,30,FAIL,identity-critical,"Canonical master depicts an owl character, while the candidate is a human woman; facial geometry, species, body proportions, and overall identity do not match. | Canonical wardrobe, accessories, silhouette, and signature design details substantially drift from the approved master. | Although the violet crystals show strong glow and suggest full broadcast, pose compliance cannot override the fundamental identity mismatch.",review existing PNG before retry
echo,31,FAIL,identity-critical,"Canonical identity mismatch: approved master is an owl character, while the candidate is a human woman. | Facial geometry, body proportions, anatomy, and canonical wardrobe differ fundamentally from the master reference. | Although the candidate shows a happy laugh with closed eyes, identity lock compliance cannot be established against the supplied master.",review existing PNG before retry
echo,32,FAIL,identity-critical,"Candidate does not match the canonical master identity or anatomy: it is a human woman while the reference is an anthropomorphic owl. | Facial geometry, body proportions, hairstyle, wardrobe construction, footwear, and signature accessories differ substantially from the approved reference. | Requested whispering pose is readable, but the severe canonical identity/design drift requires failure.",review existing PNG before retry
echo,33,FAIL,identity-critical,"Canonical identity mismatch: approved master is an anthropomorphic owl, while the candidate is human. | Facial geometry, body proportions, hair, anatomy, wardrobe, and footwear do not match the master reference. | The stated human/no-owl lock directly conflicts with the supplied canonical master, so both requirements cannot be satisfied simultaneously.",review existing PNG before retry
echo,34,FAIL,identity-critical,"Candidate does not match the approved master reference, which depicts an owl-form character with radically different facial geometry, anatomy, proportions, and wardrobe design. | The violet crystals appear brightly illuminated rather than visibly dimming, so the requested crystal state is unclear. | Although the human figure reads as concerned, the canonical identity mismatch is decisive.",review existing PNG before retry
echo,35,FAIL,identity-critical,"Canonical identity mismatch: approved master is an anthropomorphic owl, while candidate is human. | Facial geometry, body proportions, hair, anatomy, and footwear do not match the master reference. | Wardrobe and accessories drift substantially, including an unreferenced mechanical gauntlet. | Pose and forward violet crystals are readable, but cannot overcome the major identity/design mismatch.",review existing PNG before retry
echo,36,FAIL,identity-critical,"Canonical master depicts an anthropomorphic owl, while the candidate is a human woman, causing a fundamental identity, facial-geometry, anatomy, and proportion mismatch. | Wardrobe, footwear, badge placement, hairstyle, and accessory design do not match the approved master. | The one-foot balance pose is clear, but pose compliance cannot overcome the severe canonical identity drift.",review existing PNG before retry
echo,37,FAIL,identity-critical,"Canonical identity mismatch: approved master is an anthropomorphic owl, while the candidate is a human woman. | Facial geometry, anatomy, body proportions, hairstyle, and footwear do not match the master reference. | Wardrobe and accessory design substantially drift from the approved owl design despite retaining violet crystals and a similar palette. | Requested sleeping pose and drifting crystals are readable, but pose compliance cannot overcome the major identity mismatch.",review existing PNG before retry
echo,38,FAIL,identity-critical,"Canonical master depicts an owl character, while the candidate is a human woman, causing a fundamental identity, species, facial-geometry, and body-proportion mismatch. | Canonical owl ears, beak, talons, feathered silhouette, and facial markings are absent from the candidate. | Although the worm's-eye view, violet crystals, dark-violet wardrobe, and C badge are present, they do not overcome the canonical identity mismatch.",review existing PNG before retry
echo,39,FAIL,identity-critical,"Canonical master depicts an owl character, while the candidate is a human woman, causing a fundamental identity, species, facial-geometry, and proportion mismatch. | Wardrobe and accessories substantially drift from the approved master, including large technological forearm devices and a different garment construction. | Requested welcoming arms-wide pose and crystal arc are present, but pose compliance cannot overcome the canonical identity mismatch.",review existing PNG before retry
echo,40,FAIL,identity-critical,"Canonical identity does not match the approved master reference, which depicts an owl character rather than a human woman. | Requested landing is unclear; the character appears airborne with no visible ground contact. | Wardrobe, badge, hairstyle, and technological gauntlet substantially drift from the reference design.",review existing PNG before retry
director,3,FAIL,identity-critical,"Requested three-quarter view facing right is not met; the character is oriented toward image-left/front. | Canonical identity, crimson eyes, black-and-crimson wardrobe, and geometric-buckle belt are otherwise retained.",review existing PNG before retry
director,6,FAIL,identity-critical,Locked geometric belt buckle is incorrectly positioned at the center back rather than its canonical front placement. | Wardrobe drifts from the layered futuristic executive/armor design into a simplified leather jumpsuit. | Hair is more tousled and forward-falling than the canonical swept-back style.,review existing PNG before retry
director,23,FAIL,identity-critical,"Locked signature belt is incorrect: the metallic geometric crimson-accent buckle is offset to the character's right, while a different rectangular buckle occupies the center. | Identity, crimson eyes, wardrobe, and surprised reaction otherwise closely match the reference.",review existing PNG before retry
director,25,FAIL,identity-critical,"Canonical crimson cheek marking beneath the character's left eye is missing, causing identity/signature-detail drift. | The heavily cybernetic right arm/gauntlet is not established by the approved reference and constitutes accessory/wardrobe drift. | Serious focused expression, crimson eyes, black-and-crimson suit, and geometric-buckle belt are otherwise present.",review existing PNG before retry
director,28,FAIL,identity-critical,"No object is present, so the extended hand reads as reaching into empty space rather than carefully toward an object. | Identity, crimson eyes, black-and-crimson wardrobe, facial marking, and geometric-buckle belt otherwise closely match the canonical reference.",review existing PNG before retry
director,29,FAIL,identity-critical,"The locked geometric belt buckle appears incorrectly positioned at the center back rather than the front. | The pose reads as a solitary over-the-shoulder stance, not clearly as a back-to-back ready stance. | Wardrobe styling drifts toward a leather tactical suit and lacks some of the master reference's executive tailoring and chest details.",review existing PNG before retry
director,38,FAIL,identity-critical,"Requested silhouette view is not satisfied; the character is fully illuminated with clearly visible facial and wardrobe details against a white background. | Low-angle camera angle is clear, and crimson eyes plus the geometric-buckle belt are retained. | Canonical identity is broadly recognizable, but the build appears more muscular and the hairstyle less swept-back than the approved tall, lean reference.",review existing PNG before retry
counterfeiter,1,FAIL,identity-critical,"Major accessory/wardrobe drift: the candidate has a large exposed clockwork prosthetic forearm, while the approved reference shows a sleeved arm with a bronze glove/gauntlet on that side. | Core identity, red curls, green eyes, facial markings, pendant, palette, expression, and full-body front-facing pose otherwise match well.",review existing PNG before retry
counterfeiter,3,FAIL,identity-critical,"Major identity/design drift: candidate has a full gold mechanical arm and hand absent from the canonical reference. | Canonical sleeve/glove and arm accessories are replaced by unapproved prosthetic anatomy. | Wardrobe silhouette and lower-body design add substantial unverified steampunk elements despite otherwise matching hair, green eyes, palette, and facial identity.",review existing PNG before retry
counterfeiter,18,FAIL,identity-critical,"Major wardrobe/accessory drift: both arms are cybernetic gauntlets, including an unapproved silver/cyan sci-fi prosthetic absent from the canonical reference. | Faction 'C' badges and mechanical knee emblem are unverified additions to the canonical design. | Expression reads as a confident smirk rather than clearly determined, despite the fists-set stance being readable.",review existing PNG before retry
counterfeiter,20,FAIL,identity-critical,"Prominent mechanical/prosthetic left arm is not present in the canonical reference and constitutes major anatomy/accessory drift. | Otherwise the seated relaxed pose, copper hair, green eyes, facial markings, expression, and bronze/teal artisan styling match well.",review existing PNG before retry
counterfeiter,23,FAIL,identity-critical,"Major canonical design drift: candidate adds an elaborate mechanical/prosthetic right arm and large shoulder pauldron not present in the approved reference. | Wardrobe and accessories are substantially more armored and steampunk-styled than the canonical artisan outfit. | Surprised pose and expression are clear, and copper hair, green eyes, facial mark, and overall palette are retained.",review existing PNG before retry
counterfeiter,28,FAIL,pose-or-detail,No object is present for the requested interaction; the extended hand reads as reaching toward the camera rather than carefully toward a visible object.,review existing PNG before retry
counterfeiter,29,FAIL,identity-critical,"Prominent mechanical/prosthetic left arm is not part of the approved master design and constitutes major anatomy/accessory drift. | Canonical green pendant is missing. | Hand-on-hip fashion pose does not clearly read as a ready stance, despite the over-shoulder orientation.",review existing PNG before retry
counterfeiter,34,FAIL,identity-critical,"Canonical asymmetric hand/arm styling is reversed: the approved reference shows the bronze/gold hand on her left (image-right), while the candidate places the mechanical bronze arm on her right (image-left) and a dark glove on her left. | The candidate substantially expands the canonical gold hand treatment into a full mechanical forearm, creating accessory/design drift. | Worried expression and protective gesture are otherwise clearly readable, with matching copper hair, green eyes, and bronze/",review existing PNG before retry
counterfeiter,38,FAIL,identity-critical,"Requested silhouette view is not satisfied; the character is fully lit with facial, wardrobe, and material details clearly visible. | Although the low camera angle and core identity are recognizable, failure of the required silhouette presentation is decisive.",review existing PNG before retry
counterfeiter,39,FAIL,identity-critical,"The requested arms-spread presenting pose and core facial identity are clear. | Canonical left-hand accessory drifts: the approved reference shows a bronze/gold articulated glove with a slim blue cuff, while the candidate introduces a bulky black/blue technological gauntlet with a glowing circular device. | This unapproved asymmetric gauntlet materially changes the canonical wardrobe/accessory design.",review existing PNG before retry
counterfeiter,40,FAIL,identity-critical,"Major identity/accessory drift: the candidate has an elaborate cybernetic left forearm and hand absent from the canonical reference. | Canonical left/right arm styling is not preserved; the reference shows conventional bronze artisan attire/gloves. | The dramatic landing pose, red/copper hair, green eyes, and general wardrobe palette match, but the unapproved prosthetic is a disqualifying design change.",review existing PNG before retry
restorer,3,FAIL,identity-critical,"Pose reads as three-quarter facing left/near-frontal, not clearly facing right. | Large cybernetic forearm and hand are unapproved accessory/anatomy drift from the canonical humanized design. | Canonical peacock signature treatment is reduced/altered, weakening approved identity consistency.",review existing PNG before retry
restorer,5,FAIL,identity-critical,"Pose is not a strict right profile: the head is near-profile, but the torso and legs remain clearly three-quarter. | Faction emblem drifts from the canonical turquoise-gem design by adding a prominent letter-like C. | Coat decoration is substantially altered with large peacock-feather graphics not established on the approved master.",review existing PNG before retry
restorer,6,FAIL,identity-critical,"Major accessory/anatomy drift: the candidate has an elaborate exposed cybernetic right arm not established in the canonical reference. | Wardrobe detailing is substantially altered, replacing the reference's clinical coat markings with prominent peacock-feather graphics and an oversized back emblem. | The back-view over-shoulder pose is clear, but canonical identity preservation fails due to the unapproved design additions.",review existing PNG before retry
restorer,7,FAIL,identity-critical,"Major accessory/wardrobe drift: candidate has a prominent cybernetic forearm/gauntlet not present in the canonical reference. | Canonical facial markings beneath the eyes are missing or substantially altered. | Arms-crossed pose, confident expression, hair, coat, palette, and emblem otherwise align.",review existing PNG before retry
restorer,8,FAIL,identity-critical,"Prominent cybernetic left forearm and hand are not established in the canonical reference and constitute major anatomy/accessory drift. | The walking-forward pose, facial identity, hairstyle, white coat, peacock cues, and chest emblem otherwise align well with the reference.",review existing PNG before retry
restorer,10,FAIL,identity-critical,"Signature peacock/cybernetic apparatus is on the wrong side versus the canonical reference. | Candidate adds a prominent fully mechanical arm not established by the approved master. | Chest emblem drifts from the canonical blue-diamond design by adding a conspicuous letter C. | Although the left-pointing pose is clear, asymmetric identity and accessory details are incorrect.",review existing PNG before retry
restorer,13,FAIL,identity-critical,"Large mechanical forearm gauntlet is an unapproved accessory/prop absent from the canonical reference and causes major design drift. | Chest emblem differs from the canonical teal jewel insignia by adding a prominent letter-like mark. | Hands-on-hips pose, facial identity, hairstyle, palette, coat, and footwear are otherwise clearly readable and broadly consistent.",review existing PNG before retry
restorer,14,FAIL,identity-critical,"Major accessory drift: candidate adds a prominent cybernetic forearm/gauntlet not present in the approved master. | Canonical peacock-feather silhouette behind the character is missing or replaced by coat-lining motifs. | Thoughtful hand-at-chin pose and core facial, hair, coat, color, and chest-emblem identity otherwise match.",review existing PNG before retry
restorer,16,FAIL,identity-critical,"Major accessory/wardrobe drift: the prominent mechanical forearm and hand are not established by the approved reference. | An unrequested holstered device is present on the thigh. | Faction chest emblem differs from the reference by adding a conspicuous letter C. | Identity, hair, coat palette, and defensive stance otherwise read clearly.",review existing PNG before retry
restorer,17,FAIL,identity-critical,"Major accessory/anatomy drift: candidate has an elaborate mechanical right forearm and hand not present in the approved master reference. | Facial identity drifts through added chin facial hair and a harsher, more mature facial structure. | Requested concerned expression and hand-near-chest pose are readable, but canonical identity consistency fails.",review existing PNG before retry
restorer,18,FAIL,identity-critical,"Requested pose requires fists set, but the cybernetic right hand is visibly open/relaxed rather than clenched.",review existing PNG before retry
restorer,19,FAIL,identity-critical,Canonical dark vertical facial markings beneath the eyes are missing. | Unapproved exposed cybernetic forearm/hand causes major anatomy and accessory drift from the master reference. | Facial geometry and softer expression do not fully preserve the sharper canonical identity.,review existing PNG before retry
restorer,23,FAIL,identity-critical,"Unapproved mechanical right arm/hand causes major anatomy and accessory drift from the canonical humanized design. | Eye color appears amber/gold rather than the reference's dark eyes. | Surprised pose and expression are clearly readable, but canonical identity consistency is not preserved.",review existing PNG before retry
restorer,27,FAIL,identity-critical,"Canonical wardrobe/accessory drift: the candidate adds an unapproved cybernetic right hand and forearm device. | The oversized back emblem is not established by the approved master reference and substantially alters the coat design. | The dynamic turning pose is readable, but the signature front lapel, pocket-emblem, and patterned black underlayer details are obscured or replaced.",review existing PNG before retry
restorer,28,FAIL,identity-critical,No object is present for the character to reach toward. | The forward palm reads as an assertive projection gesture rather than careful reaching. | The prominent cybernetic glove appears to be an unverified accessory absent from the canonical reference.,review existing PNG before retry
restorer,29,FAIL,identity-critical,"Requested back-to-back ready stance is not clearly readable; the character is in a relaxed three-quarter fashion pose with one hand in a pocket. | Identity and canonical styling largely match the approved reference, but pose compliance is mandatory.",review existing PNG before retry
restorer,30,FAIL,identity-critical,"Major accessory drift: the extended arm has an elaborate cybernetic gauntlet absent from the approved reference. | Faction chest emblem differs from the canonical blue-diamond insignia, including an unapproved prominent letter C. | Signature peacock/restoration identifiers are reduced or replaced by generic teal energy, weakening canonical ability readability.",review existing PNG before retry
restorer,31,FAIL,identity-critical,"Large cybernetic left arm is not established in the canonical reference and constitutes major anatomy/accessory drift. | Requested natural laughing expression is clear, and the hair, face, coat, emblem, and teal/peacock styling otherwise align closely.",review existing PNG before retry
restorer,32,FAIL,identity-critical,"Unapproved cybernetic forearm/gauntlet significantly drifts from the canonical wardrobe and accessories. | Chest emblem is altered with a prominent 'C' instead of the canonical gem-like insignia. | Requested whispering pose is clear, but identity-lock accessory and emblem mismatches require failure.",review existing PNG before retry
restorer,33,FAIL,identity-critical,"Faction badge drifts from the canonical teal diamond/gold emblem into a large shield marked with a prominent 'C'. | Unapproved cybernetic forearm/gauntlet is a major accessory and anatomy drift absent from the master reference. | Pose and proud expression are readable, and the face, hair, white coat, and teal/peacock styling otherwise match closely.",review existing PNG before retry
restorer,35,FAIL,identity-critical,"Unrequested cybernetic gauntlet and holographic interface introduce accessory/prop drift from the canonical reference. | Chest emblem appears altered with a prominent letterform not established in the master reference. | Identity, wardrobe palette, hairstyle, expression, and action-ready pose otherwise match closely.",review existing PNG before retry
restorer,36,FAIL,identity-critical,"Requested one-foot balance is unclear because the supporting foot is visibly suspended, making the character appear airborne. | Canonical chest emblem has drifted into a prominent letter 'C' rather than the approved gem-like insignia. | Unapproved cybernetic right forearm is a major anatomy/accessory deviation from the master reference.",review existing PNG before retry
restorer,38,FAIL,identity-critical,"Requested silhouette view is not satisfied; the character is fully lit with clearly visible facial, wardrobe, and surface details. | Low-angle camera angle and canonical identity/wardrobe are otherwise consistent with the master reference.",review existing PNG before retry
restorer,39,FAIL,identity-critical,"Unapproved cybernetic left forearm/hand is a major anatomy and accessory drift from the humanized canonical reference. | Canonical peacock identifier is absent or replaced by the prosthetic design. | Chest emblem drifts from the approved reference by adding a prominent letter-like ""C"". | Pose, face, hair, coat, palette, and presenting expression otherwise match closely.",review existing PNG before retry
restorer,40,FAIL,identity-critical,"Prominent technological forearm gauntlet is not present in the canonical master and constitutes accessory/prop drift. | Chest emblem design appears altered from the canonical blue-gem insignia. | Pose, face, hair, coat, peacock cues, and footwear otherwise closely match the reference.",review existing PNG before retry
hacker,1,FAIL,identity-critical,Required RED ear LED is absent. | Faction emblem drifts from the canonical plain hexagonal mark by adding a prominent C-shaped symbol. | Large cybernetic right arm/hand is not supported by the approved reference and constitutes accessory/body-design drift.,superseded LED criterion; reassess against humanized master
hacker,2,FAIL,identity-critical,"Required signature RED ear LED is missing; the visible ear has no red LED. | Core identity, black-and-blue techwear, hairstyle, and three-quarter-left pose otherwise align with the canonical reference.",superseded LED criterion; reassess against humanized master
hacker,3,FAIL,identity-critical,Requested three-quarter view facing right is incorrect; the character faces left. | Canonical RED ear LED is missing or rendered blue.,superseded LED criterion; reassess against humanized master
hacker,4,FAIL,identity-critical,"Required RED ear LED is absent; the visible ear has no red identifier. | Eye appearance is darker than the canonical light blue-gray eyes. | Chest emblem center and some circuitry details drift from the approved reference, despite the left-facing profile and overall Hacker styling being recognizable.",superseded LED criterion; reassess against humanized master
hacker,5,FAIL,identity-critical,"Required red ear LED is absent; visible cyber accents are blue only. | Eye appears dark brown rather than the canonical pale blue-gray. | Canonical hexagonal chest emblem has drifted to the sleeve, while the chest carries a different symbol.",superseded LED criterion; reassess against humanized master
hacker,6,FAIL,identity-critical,"Required RED ear LED is missing; visible ear details are blue/neutral. | Canonical hexagonal faction emblem has drifted from the chest to the upper sleeve. | Requested back view with slight over-shoulder look is clear, but signature accessory/wardrobe details do not fully match the master reference.",superseded LED criterion; reassess against humanized master
hacker,7,FAIL,identity-critical,Required RED ear LED is absent; visible ear accent is blue. | Chest emblem drifts from the canonical plain hexagonal insignia by adding a prominent inner 'C'. | Large cybernetic forearm gauntlet and thigh gear introduce noncanonical accessory/wardrobe drift.,superseded LED criterion; reassess against humanized master
hacker,8,FAIL,identity-critical,Required RED ear LED is missing; the visible ear accessory is not red. | Chest emblem drifts from the canonical plain dark-centered hexagon by adding a prominent gold 'C' symbol.,superseded LED criterion; reassess against humanized master
hacker,9,FAIL,identity-critical,Required RED ear LED is absent; visible ear accents are blue/cyan. | Bulky cybernetic forearm and hand introduce accessory/wardrobe drift from the canonical reference.,superseded LED criterion; reassess against humanized master
hacker,10,FAIL,identity-critical,"Required RED ear LED is absent or rendered blue/dark. | Identity, wardrobe, cyber accents, and left-pointing pose otherwise closely match the canonical reference.",superseded LED criterion; reassess against humanized master
hacker,11,FAIL,identity-critical,"Required RED ear LED is absent; visible ear detail is blue/black. | Chest faction emblem drifts from the canonical cyan outlined hexagon to a gold C-shaped badge. | Requested right-pointing pose is clear, but signature identity details are not preserved.",superseded LED criterion; reassess against humanized master
hacker,12,FAIL,identity-critical,"Required RED ear LED is absent; the visible ear accent is blue/dark. | Chest emblem drifts from the canonical plain hexagonal identifier by adding a prominent letter ""C"".",superseded LED criterion; reassess against humanized master
hacker,13,FAIL,identity-critical,"Required red ear LED is absent or incorrectly blue. | Chest faction emblem has drifted to a gold 'C' badge instead of the canonical cyan-outlined hexagonal mark. | Hands-on-hips pose is clear and overall identity is close, but signature-identifier errors require failure.",superseded LED criterion; reassess against humanized master
hacker,14,FAIL,identity-critical,Required RED ear LED is absent; visible accents are cyan/blue. | Chest faction emblem drifts from the canonical plain dark-centered hexagon to a C-like symbol. | Large cybernetic forearm gauntlet is not established by the approved reference and causes accessory/wardrobe drift. | Requested thoughtful hand-at-chin pose and expression are clearly readable.,superseded LED criterion; reassess against humanized master
hacker,15,FAIL,identity-critical,"Required RED ear LED is missing; visible ear accessories are dark/blue. | Large cybernetic right forearm/hand is a significant accessory/anatomy drift from the approved reference. | Requested close inspection of a collectible is clearly readable, but signature-identifier drift requires failure.",superseded LED criterion; reassess against humanized master
hacker,16,FAIL,identity-critical,"Required RED ear LED is absent. | Chest faction emblem differs from the canonical reference, with an added gold C-like mark. | Oversized cybernetic forearm/hand introduces notable accessory and silhouette drift from the approved identity.",superseded LED criterion; reassess against humanized master
hacker,17,FAIL,identity-critical,"Required RED ear LED is missing or rendered blue; this signature identifier is not retained. | Otherwise, identity, black-and-blue techwear, hand-near-chest pose, and concerned expression closely match the canonical reference.",superseded LED criterion; reassess against humanized master
hacker,18,FAIL,identity-critical,Required RED ear LED is absent; visible ear/cyber accents are blue. | Faction chest emblem drifts from the canonical plain dark-centered hexagon to a gold 'C' badge. | Large illuminated forearm gauntlet is an unapproved accessory/design drift from the master reference.,superseded LED criterion; reassess against humanized master
hacker,19,FAIL,identity-critical,Required RED ear LED is missing; visible ear accents are blue/neutral. | Chest faction emblem drifts from the canonical plain dark hexagon by adding a prominent C-like glyph. | Large cybernetic forearm/hand device is an unapproved accessory and significant wardrobe-detail drift.,superseded LED criterion; reassess against humanized master
hacker,20,FAIL,identity-critical,"Required RED ear LED is absent; the visible ear has a pale/cyan stud. | Large exposed cybernetic right arm and hand are not present in the canonical reference and constitute major identity/accessory drift. | Requested relaxed seated pose is clear, but canonical asymmetric design is not preserved.",superseded LED criterion; reassess against humanized master
hacker,21,FAIL,identity-critical,"Required RED ear LED is absent; visible ear detailing is blue. | Chest faction emblem drifts from the canonical plain hexagonal mark to a lettered C-like symbol. | Requested upward gaze and focused expression are clear, but signature-identifier drift requires failure.",superseded LED criterion; reassess against humanized master
hacker,22,FAIL,identity-critical,"Required RED ear LED is absent; the visible ear area has only blue cyber accents. | Otherwise, identity, wardrobe, circuitry, footwear, prop, and downward-looking pose closely match the canonical reference.",superseded LED criterion; reassess against humanized master
hacker,23,FAIL,identity-critical,"Required RED ear LED is missing; the visible ear accent is blue. | Major accessory/anatomy drift: the candidate has an extensive cybernetic right-side arm and hand not established by the canonical reference. | Chest emblem differs from the canonical dark-centered hexagonal identifier. | Surprised pose and expression are readable, but identity-lock violations require failure.",superseded LED criterion; reassess against humanized master
hacker,24,FAIL,identity-critical,"Required RED ear LED is absent or incorrectly blue. | Faction/chest emblem drifts from the canonical plain hexagonal design by adding a prominent C-like mark. | Requested confident smile is clear, but signature-identifier drift requires failure.",superseded LED criterion; reassess against humanized master
hacker,25,FAIL,identity-critical,"Required RED ear LED is missing; visible ear/temple accents are blue. | Chest faction emblem drifts from the canonical plain dark hexagonal mark to a gold letter 'C'. | Large forearm tech gauntlet is not supported by the approved reference and constitutes accessory drift. | Serious focused expression is readable, but signature-identifier mismatches require failure.",superseded LED criterion; reassess against humanized master
hacker,26,FAIL,identity-critical,"Required RED ear LED is absent; the visible ear accessory is blue. | The forward lean is present, but he appears to gesture toward an empty hand rather than clearly inspect something. | Chest emblem and garment detailing drift from the simpler canonical design.",superseded LED criterion; reassess against humanized master
hacker,27,FAIL,identity-critical,"Required RED ear LED is missing; visible accents near the ear are blue. | Major accessory/wardrobe drift: the right forearm and hand are heavily cybernetic with an unrequested energy effect. | Faction emblem differs from the canonical cyan hexagonal identifier, using an orange-centered sleeve badge. | Dynamic turn/spin pose is readable, but signature identity details are not preserved.",superseded LED criterion; reassess against humanized master
hacker,28,FAIL,identity-critical,"No object is present, so the requested action of carefully reaching toward an object is not clearly readable. | Canonical RED ear LED is missing; the visible ear has a dark stud instead. | The fully cybernetic left forearm/hand is a significant accessory and anatomy drift from the approved reference.",superseded LED criterion; reassess against humanized master
hacker,29,FAIL,identity-critical,Required RED ear LED is absent/blue. | Canonical neck headphones are missing. | Faction emblem drifts to an orange 'C' instead of the approved plain hexagonal mark. | Added cybernetic glove/hand accessory is not present in the master reference.,superseded LED criterion; reassess against humanized master
hacker,30,FAIL,identity-critical,"Required RED ear LED is missing; the visible ear implant/accent is blue. | Chest emblem drifts from the approved reference by adding a prominent 'C' glyph. | Identity and techwear otherwise match closely, and the active ability pose is readable with a restrained digital energy effect.",superseded LED criterion; reassess against humanized master
hacker,31,FAIL,identity-critical,"Required RED ear LED is missing or incorrectly rendered blue. | Prominent cybernetic forearm/hand armor appears to drift from the canonical reference accessories. | Laughing pose and core facial, hair, techwear, circuitry, and emblem identity otherwise read clearly.",superseded LED criterion; reassess against humanized master
hacker,32,FAIL,identity-critical,"Required RED ear LED is absent; visible cyber accents near the ear are blue. | Chest emblem drifts from the canonical cyan-outlined dark hexagon, adding a prominent white inner ring.",superseded LED criterion; reassess against humanized master
hacker,33,FAIL,identity-critical,Required RED ear LED is absent; visible ear accents are blue. | Displayed gold 'C' badge does not match the canonical dark-centered cyan hexagonal faction emblem. | Wardrobe/accessory design drifts with an added large wrist interface and altered chest-emblem placement.,superseded LED criterion; reassess against humanized master
hacker,34,FAIL,identity-critical,"Required RED ear LED is missing; visible ear-area accents are blue. | Protective hand gesture and worried expression are readable, and core identity/wardrobe otherwise closely match the reference.",superseded LED criterion; reassess against humanized master
hacker,35,FAIL,identity-critical,"Required red ear LED is absent. | Chest faction emblem drifts from the canonical plain hexagonal identifier by adding a prominent 'C'. | Unrequested holographic energy construct appears on the extended hand. | Pose and expression are action-ready, but signature accessory/design mismatches require failure.",superseded LED criterion; reassess against humanized master
hacker,36,FAIL,identity-critical,"Required RED ear LED is missing or rendered blue; signature identifier color is incorrect. | Otherwise, canonical identity, wardrobe, blue circuitry, emblem, footwear, and one-foot balancing pose are clearly preserved.",superseded LED criterion; reassess against humanized master
hacker,37,FAIL,identity-critical,"Required RED ear LED is absent; the visible ear area has only blue cyber detailing. | The reclining pose is clear and the core identity, hair, facial geometry, black techwear, blue circuitry, emblem, and footwear otherwise align closely with the reference.",superseded LED criterion; reassess against humanized master
hacker,38,FAIL,identity-critical,Requested silhouette view is not delivered; character is fully illuminated and detailed against a white background. | Required RED ear LED is absent; visible cyber accents near the ear are blue. | Low camera angle and most canonical identity/wardrobe traits otherwise match the reference.,superseded LED criterion; reassess against humanized master
hacker,39,FAIL,identity-critical,Required RED ear LED is missing or incorrectly blue. | Large cybernetic right forearm/hand is an unapproved accessory and wardrobe drift from the canonical hoodie design. | Requested arms-spread presenting pose and core facial/hair identity are otherwise readable.,superseded LED criterion; reassess against humanized master
hacker,40,FAIL,identity-critical,"Required RED ear LED is missing; visible ear details are blue/neutral. | Large powered cybernetic forearm/gauntlet is not established by the canonical reference and constitutes accessory/wardrobe drift. | Landing/power pose, core facial identity, hair, circuitry, black-blue techwear, and chest emblem otherwise read clearly.",superseded LED criterion; reassess against humanized master
